Cluster,rain,pedestrian,intersection,lane_change,parking_vehicles,parking_lot,N,Q,R,Q_h,desired_speed,desired_headway
0,0.11666666666666667,0.5666666666666667,0.26666666666666666,0.0,0.1,0.016666666666666666,9.383333333333333,1.0,1.2083333333333335,2.9350000000000005,4.6033333333333335,2.4283333333333337
1,0.21052631578947367,0.6052631578947368,0.13157894736842105,0.0,0.07894736842105263,0.05263157894736842,7.973684210526316,1.0,1.413157894736842,1.0289473684210526,5.821052631578947,2.4499999999999993
