rain,intersection,parking_lot,night
0.8815965453461809,0.8241489623032495,0.1503816733630398,0.0731238740761663
,,,
0.8977511902588551,0.32967386961157086,0.06134216995187137,1.4186494332598003e-09
0.07154917147828668,0.22568660974911697,0.8604754601811961,2.355661311763347e-08
0.017972886032237713,0.07280511258004528,0.0004794589251947551,6.81741531803967e-06
0.013000430809170242,0.6857209836281359,0.459034949597395,0.13338943334578585
